<?xml version="1.0" encoding="utf-8" ?>
<hibernate-mapping xmlns="urn:nhibernate-mapping-2.2" assembly="Jack.Model" namespace="Jack.Model">
	<class name="Calcado" table="tb_calcado">
		<id name="Codigo" column="id_calcado">
			<generator class="native"/>
		</id>
		<property column="nr_calcado" name="Numero" not-null="false" />
    <property column="ds_sexo" name="Sexo" not-null="false" />
    <property column="nr_inicio" name="NumeroInicio" not-null="false" />
    <property column="nr_fim" name="NumeroFim" not-null="false" />
    <property column="ds_medida_idade" name="MedidaIdade" not-null="false" />
  </class>
</hibernate-mapping>

