<?xml version="1.0" encoding="utf-8" ?>
<hibernate-mapping xmlns="urn:nhibernate-mapping-2.2" assembly="Jack.Model" namespace="Jack.Model">
	<class name="ColaboradorCrianca" table="tb_colaborador_crianca">
		<id name="Codigo" column="id_colaborador_crianca">
			<generator class="native"/>
		</id>
    <property column="id_colaborador" name="Colaborador" not-null="true"/>
    <property column="id_crianca" name="Crianca" not-null="true"/>
    <property column="nr_ano" name="Ano" not-null="true"/>
    <property column="is_entregue" name="IsDevolvida" not-null="true"/>
  </class>
</hibernate-mapping>

