<?xml version="1.0" encoding="utf-8" ?>
<hibernate-mapping xmlns="urn:nhibernate-mapping-2.2" assembly="Jack.Model" namespace="Jack.Model">
	<class name="Familia" table="tb_familia">
		<id name="Codigo" column="id_familia">
			<generator class="native"/>
		</id>
		<property column="nm_mae" name="Familia" not-null="false" />
        <property column="nr_nivel_espera" name="Nivel" not-null="false" />
        <property column="is_sacolinha" name="IsSacolinha" not-null="false" />
        <property column="is_consistente" name="IsConsistente" not-null="false" />
        <many-to-one name="Status" column="id_status" class="Status" not-null="true" />    
        <property column="ds_contato" name="Contato" not-null="false"/>
        <property column="dt_update" name="DataAtualizacao" not-null="false"/>
 </class>
</hibernate-mapping>

