<?xml version="1.0" encoding="utf-8" ?>
<hibernate-mapping xmlns="urn:nhibernate-mapping-2.2" assembly="Jack.Model" namespace="Jack.Model">
	<class name="Kit" table="tb_kit">
		<id name="Codigo" column="id_kit">
			<generator class="native"/>
		</id>
		<property column="ds_kit" name="Descricao" not-null="true"/>
		<property column="vl_idade_min" name="IdadeMinima" not-null="true"/>
		<property column="vl_idade_max" name="IdadeMaxima" not-null="true"/>
    <property column="ds_sexo" name="Sexo" not-null="true"/>
    <property column="is_necessidade_especial" name="IsNecessidadeEspecial" not-null="false"/>
  </class>
</hibernate-mapping>
