<?xml version="1.0" encoding="utf-8" ?>
<hibernate-mapping xmlns="urn:nhibernate-mapping-2.2" assembly="Jack.Model" namespace="Jack.Model">
  <class name="KitItem" table="tb_kit_item">
    <id name="Codigo" column="id_kit_item">
      <generator class="native"/>
    </id>
    <property column="id_kit" name="Kit" not-null="true"/>
    <property column="id_tipo_item" name="TipoItem" not-null="true"/>
    <property column="ds_observacao" name="Observacao" not-null="false"/>
    <property column="nr_ordem" name="Ordem" not-null="true"/>

  </class>
</hibernate-mapping>

