<?xml version="1.0" encoding="utf-8" ?>
<hibernate-mapping xmlns="urn:nhibernate-mapping-2.2" assembly="Jack.Model" namespace="Jack.Model">
	<class name="Roupa" table="tb_roupa">
		<id name="Codigo" column="id_tamanho">
			<generator class="native"/>
		</id>
		<property column="ds_tamanho" name="Tamanho" not-null="false" />
    <property column="nr_idade" name="Idade" not-null="false" />
    <property column="ds_medida_idade" name="MedidaIdade" not-null="false" />
  </class>
</hibernate-mapping>

