<?xml version="1.0" encoding="utf-8" ?>
<hibernate-mapping xmlns="urn:nhibernate-mapping-2.2" assembly="Jack.Model" namespace="Jack.Model">
	<class name="Status" table="tb_status">
		<id name="Codigo" column="id_status" >
			<generator class="native"/>
		</id>
		<property column="ds_status" name="Descricao" not-null="true" />
		<property column="is_permite_sacola" name="PermiteSacola" not-null="true" />
		<property column="ds_nivel_status" name="NivelStatus" not-null="true" />
	</class>
</hibernate-mapping>

